translation,item,unit,macrocategory,category,use,subcategory,value,date,source
pearl barley groats,Perlengr√ºtz,Pfund (lb),Grain,Grain,,,,1640,
pearl barley groats,Perlengr√ºtz,Pfund (lb),Grain,Grain,,,,1641,
pearl barley groats,Perlengr√ºtz,Pfund (lb),Grain,Grain,,,,1642,
pearl barley groats,Perlengr√ºtz,Pfund (lb),Grain,Grain,,,,1643,
pearl barley groats,Perlengr√ºtz,Pfund (lb),Grain,Grain,,,,1644,
pearl barley groats,Perlengr√ºtz,Pfund (lb),Grain,Grain,,,,1645,
pearl barley groats,Perlengr√ºtz,Pfund (lb),Grain,Grain,,,,1646,
pearl barley groats,Perlengr√ºtz,Pfund (lb),Grain,Grain,,,,1647,
pearl barley groats,Perlengr√ºtz,Pfund (lb),Grain,Grain,,,,1648,
pearl barley groats,Perlengr√ºtz,Pfund (lb),Grain,Grain,,,,1649,
pearl barley groats,Perlengr√ºtz,Pfund (lb),Grain,Grain,,,,1650,
pearl barley groats,Perlengr√ºtz,Pfund (lb),Grain,Grain,,,,1651,
pearl barley groats,Perlengr√ºtz,Pfund (lb),Grain,Grain,,,,1652,
pearl barley groats,Perlengr√ºtz,Pfund (lb),Grain,Grain,,,,1653,
pearl barley groats,Perlengr√ºtz,Pfund (lb),Grain,Grain,,,,1654,
pearl barley groats,Perlengr√ºtz,Pfund (lb),Grain,Grain,,,,1655,
pearl barley groats,Perlengr√ºtz,Pfund (lb),Grain,Grain,,,10,1656,- Rentspeicher Records!
pearl barley groats,Perlengr√ºtz,Pfund (lb),Grain,Grain,,,,1657,
pearl barley groats,Perlengr√ºtz,Pfund (lb),Grain,Grain,,,,1658,
pearl barley groats,Perlengr√ºtz,Pfund (lb),Grain,Grain,,,,1659,
pearl barley groats,Perlengr√ºtz,Pfund (lb),Grain,Grain,,,,1660,
pearl barley groats,Perlengr√ºtz,Pfund (lb),Grain,Grain,,,,1661,
pearl barley groats,Perlengr√ºtz,Pfund (lb),Grain,Grain,,,,1662,
pearl barley groats,Perlengr√ºtz,Pfund (lb),Grain,Grain,,,45,1663,
pearl barley groats,Perlengr√ºtz,Pfund (lb),Grain,Grain,,,10,1664,
pearl barley groats,Perlengr√ºtz,Pfund (lb),Grain,Grain,,,,1665,
pearl barley groats,Perlengr√ºtz,Pfund (lb),Grain,Grain,,,,1666,
pearl barley groats,Perlengr√ºtz,Pfund (lb),Grain,Grain,,,,1667,
pearl barley groats,Perlengr√ºtz,Pfund (lb),Grain,Grain,,,0,1668,
pearl barley groats,Perlengr√ºtz,Pfund (lb),Grain,Grain,,,,1669,
pearl barley groats,Perlengr√ºtz,Pfund (lb),Grain,Grain,,,4,1670,
pearl barley groats,Perlengr√ºtz,Pfund (lb),Grain,Grain,,,2,1671,
pearl barley groats,Perlengr√ºtz,Pfund (lb),Grain,Grain,,,,1672,
pearl barley groats,Perlengr√ºtz,Pfund (lb),Grain,Grain,,,,1673,
pearl barley groats,Perlengr√ºtz,Pfund (lb),Grain,Grain,,,,1674,
pearl barley groats,Perlengr√ºtz,Pfund (lb),Grain,Grain,,,,1675,
pearl barley groats,Perlengr√ºtz,Pfund (lb),Grain,Grain,,,,1676,
pearl barley groats,Perlengr√ºtz,Pfund (lb),Grain,Grain,,,,1677,
pearl barley groats,Perlengr√ºtz,Pfund (lb),Grain,Grain,,,,1678,
pearl barley groats,Perlengr√ºtz,Pfund (lb),Grain,Grain,,,4,1679,
pearl barley groats,Perlengr√ºtz,Pfund (lb),Grain,Grain,,,,1680,
pearl barley groats,Perlengr√ºtz,Pfund (lb),Grain,Grain,,,,1681,
pearl barley groats,Perlengr√ºtz,Pfund (lb),Grain,Grain,,,,1682,
pearl barley groats,Perlengr√ºtz,Pfund (lb),Grain,Grain,,,,1683,
pearl barley groats,Perlengr√ºtz,Pfund (lb),Grain,Grain,,,,1684,
pearl barley groats,Perlengr√ºtz,Pfund (lb),Grain,Grain,,,,1685,
pearl barley groats,Perlengr√ºtz,Pfund (lb),Grain,Grain,,,,1686,
pearl barley groats,Perlengr√ºtz,Pfund (lb),Grain,Grain,,,,1687,
pearl barley groats,Perlengr√ºtz,Pfund (lb),Grain,Grain,,,,1688,
rice flour,Rei√ümehl,Pfund (lb),Grain,Grain,,,,1640,
rice flour,Rei√ümehl,Pfund (lb),Grain,Grain,,,,1641,
rice flour,Rei√ümehl,Pfund (lb),Grain,Grain,,,,1642,
rice flour,Rei√ümehl,Pfund (lb),Grain,Grain,,,,1643,
rice flour,Rei√ümehl,Pfund (lb),Grain,Grain,,,,1644,
rice flour,Rei√ümehl,Pfund (lb),Grain,Grain,,,,1645,
rice flour,Rei√ümehl,Pfund (lb),Grain,Grain,,,,1646,
rice flour,Rei√ümehl,Pfund (lb),Grain,Grain,,,,1647,
rice flour,Rei√ümehl,Pfund (lb),Grain,Grain,,,,1648,
rice flour,Rei√ümehl,Pfund (lb),Grain,Grain,,,,1649,
rice flour,Rei√ümehl,Pfund (lb),Grain,Grain,,,,1650,
rice flour,Rei√ümehl,Pfund (lb),Grain,Grain,,,,1651,
rice flour,Rei√ümehl,Pfund (lb),Grain,Grain,,,,1652,
rice flour,Rei√ümehl,Pfund (lb),Grain,Grain,,,,1653,
rice flour,Rei√ümehl,Pfund (lb),Grain,Grain,,,,1654,
rice flour,Rei√ümehl,Pfund (lb),Grain,Grain,,,,1655,
rice flour,Rei√ümehl,Pfund (lb),Grain,Grain,,,,1656,
rice flour,Rei√ümehl,Pfund (lb),Grain,Grain,,,,1657,
rice flour,Rei√ümehl,Pfund (lb),Grain,Grain,,,,1658,
rice flour,Rei√ümehl,Pfund (lb),Grain,Grain,,,,1659,
rice flour,Rei√ümehl,Pfund (lb),Grain,Grain,,,,1660,
rice flour,Rei√ümehl,Pfund (lb),Grain,Grain,,,,1661,
rice flour,Rei√ümehl,Pfund (lb),Grain,Grain,,,,1662,
rice flour,Rei√ümehl,Pfund (lb),Grain,Grain,,,45,1663,
rice flour,Rei√ümehl,Pfund (lb),Grain,Grain,,,45,1664,
rice flour,Rei√ümehl,Pfund (lb),Grain,Grain,,,,1665,
rice flour,Rei√ümehl,Pfund (lb),Grain,Grain,,,,1666,
rice flour,Rei√ümehl,Pfund (lb),Grain,Grain,,,,1667,
rice flour,Rei√ümehl,Pfund (lb),Grain,Grain,,,11,1668,
rice flour,Rei√ümehl,Pfund (lb),Grain,Grain,,,,1669,
rice flour,Rei√ümehl,Pfund (lb),Grain,Grain,,,,1670,
rice flour,Rei√ümehl,Pfund (lb),Grain,Grain,,,,1671,
rice flour,Rei√ümehl,Pfund (lb),Grain,Grain,,,,1672,
rice flour,Rei√ümehl,Pfund (lb),Grain,Grain,,,,1673,
rice flour,Rei√ümehl,Pfund (lb),Grain,Grain,,,,1674,
rice flour,Rei√ümehl,Pfund (lb),Grain,Grain,,,,1675,
rice flour,Rei√ümehl,Pfund (lb),Grain,Grain,,,,1676,
rice flour,Rei√ümehl,Pfund (lb),Grain,Grain,,,,1677,
rice flour,Rei√ümehl,Pfund (lb),Grain,Grain,,,,1678,
rice flour,Rei√ümehl,Pfund (lb),Grain,Grain,,,,1679,
rice flour,Rei√ümehl,Pfund (lb),Grain,Grain,,,,1680,
rice flour,Rei√ümehl,Pfund (lb),Grain,Grain,,,,1681,
rice flour,Rei√ümehl,Pfund (lb),Grain,Grain,,,,1682,
rice flour,Rei√ümehl,Pfund (lb),Grain,Grain,,,,1683,
rice flour,Rei√ümehl,Pfund (lb),Grain,Grain,,,,1684,
rice flour,Rei√ümehl,Pfund (lb),Grain,Grain,,,,1685,
rice flour,Rei√ümehl,Pfund (lb),Grain,Grain,,,,1686,
rice flour,Rei√ümehl,Pfund (lb),Grain,Grain,,,,1687,
rice flour,Rei√ümehl,Pfund (lb),Grain,Grain,,,,1688,
rice,Rei√ü,Pfund (lb),Grain,Grain,,,,1640,
rice,Rei√ü,Pfund (lb),Grain,Grain,,,520,1641,
rice,Rei√ü,Pfund (lb),Grain,Grain,,,,1642,
rice,Rei√ü,Pfund (lb),Grain,Grain,,,,1643,
rice,Rei√ü,Pfund (lb),Grain,Grain,,,547,1644,
rice,Rei√ü,Pfund (lb),Grain,Grain,,,837,1645,
rice,Rei√ü,Pfund (lb),Grain,Grain,,,666.5,1646,
rice,Rei√ü,Pfund (lb),Grain,Grain,,,,1647,
rice,Rei√ü,Pfund (lb),Grain,Grain,,,,1648,
rice,Rei√ü,Pfund (lb),Grain,Grain,,,,1649,
rice,Rei√ü,Pfund (lb),Grain,Grain,,,,1650,
rice,Rei√ü,Pfund (lb),Grain,Grain,,,,1651,
rice,Rei√ü,Pfund (lb),Grain,Grain,,,,1652,
rice,Rei√ü,Pfund (lb),Grain,Grain,,,,1653,
rice,Rei√ü,Pfund (lb),Grain,Grain,,,,1654,
rice,Rei√ü,Pfund (lb),Grain,Grain,,,,1655,
rice,Rei√ü,Pfund (lb),Grain,Grain,,,328,1656,- Rentspeicher Records!
rice,Rei√ü,Pfund (lb),Grain,Grain,,,110,1657,: Au√ügabe
rice,Rei√ü,Pfund (lb),Grain,Grain,,,,1658,
rice,Rei√ü,Pfund (lb),Grain,Grain,,,6,1659,
rice,Rei√ü,Pfund (lb),Grain,Grain,,,,1660,
rice,Rei√ü,Pfund (lb),Grain,Grain,,,,1661,
rice,Rei√ü,Pfund (lb),Grain,Grain,,,,1662,
rice,Rei√ü,Pfund (lb),Grain,Grain,,,0,1663,
rice,Rei√ü,Pfund (lb),Grain,Grain,,,697,1664,
rice,Rei√ü,Pfund (lb),Grain,Grain,,,,1665,
rice,Rei√ü,Pfund (lb),Grain,Grain,,,,1666,
rice,Rei√ü,Pfund (lb),Grain,Grain,,,,1667,
rice,Rei√ü,Pfund (lb),Grain,Grain,,,88,1668,
rice,Rei√ü,Pfund (lb),Grain,Grain,,,,1669,
rice,Rei√ü,Pfund (lb),Grain,Grain,,,2,1670,
rice,Rei√ü,Pfund (lb),Grain,Grain,,,10,1671,
rice,Rei√ü,Pfund (lb),Grain,Grain,,,,1672,
rice,Rei√ü,Pfund (lb),Grain,Grain,,,,1673,
rice,Rei√ü,Pfund (lb),Grain,Grain,,,15,1674,
rice,Rei√ü,Pfund (lb),Grain,Grain,,,,1675,
rice,Rei√ü,Pfund (lb),Grain,Grain,,,,1676,
rice,Rei√ü,Pfund (lb),Grain,Grain,,,,1677,
rice,Rei√ü,Pfund (lb),Grain,Grain,,,,1678,
rice,Rei√ü,Pfund (lb),Grain,Grain,,,13,1679,
rice,Rei√ü,Pfund (lb),Grain,Grain,,,,1680,
rice,Rei√ü,Pfund (lb),Grain,Grain,,,,1681,
rice,Rei√ü,Pfund (lb),Grain,Grain,,,,1682,
rice,Rei√ü,Pfund (lb),Grain,Grain,,,,1683,
rice,Rei√ü,Pfund (lb),Grain,Grain,,,,1684,
rice,Rei√ü,Pfund (lb),Grain,Grain,,,,1685,
rice,Rei√ü,Pfund (lb),Grain,Grain,,,,1686,
rice,Rei√ü,Pfund (lb),Grain,Grain,,,,1687,
rice,Rei√ü,Pfund (lb),Grain,Grain,,,,1688,
millet gruel,Gr√ºtze Hir√üe,Stoff (Solids),Grain,Grain,,,,1640,
millet gruel,Gr√ºtze Hir√üe,Stoff (Solids),Grain,Grain,,,178,1641,
millet gruel,Gr√ºtze Hir√üe,Stoff (Solids),Grain,Grain,,,,1642,
millet gruel,Gr√ºtze Hir√üe,Stoff (Solids),Grain,Grain,,,,1643,
millet gruel,Gr√ºtze Hir√üe,Stoff (Solids),Grain,Grain,,,60,1644,
millet gruel,Gr√ºtze Hir√üe,Stoff (Solids),Grain,Grain,,,204,1645,
millet gruel,Gr√ºtze Hir√üe,Stoff (Solids),Grain,Grain,,,456,1646,
millet gruel,Gr√ºtze Hir√üe,Stoff (Solids),Grain,Grain,,,,1647,
millet gruel,Gr√ºtze Hir√üe,Stoff (Solids),Grain,Grain,,,,1648,
millet gruel,Gr√ºtze Hir√üe,Stoff (Solids),Grain,Grain,,,,1649,
millet gruel,Gr√ºtze Hir√üe,Stoff (Solids),Grain,Grain,,,,1650,
millet gruel,Gr√ºtze Hir√üe,Stoff (Solids),Grain,Grain,,,,1651,
millet gruel,Gr√ºtze Hir√üe,Stoff (Solids),Grain,Grain,,,,1652,
millet gruel,Gr√ºtze Hir√üe,Stoff (Solids),Grain,Grain,,,,1653,
millet gruel,Gr√ºtze Hir√üe,Stoff (Solids),Grain,Grain,,,,1654,
millet gruel,Gr√ºtze Hir√üe,Stoff (Solids),Grain,Grain,,,,1655,
millet gruel,Gr√ºtze Hir√üe,Stoff (Solids),Grain,Grain,,,,1656,
millet gruel,Gr√ºtze Hir√üe,Stoff (Solids),Grain,Grain,,,,1657,
millet gruel,Gr√ºtze Hir√üe,Stoff (Solids),Grain,Grain,,,,1658,
millet gruel,Gr√ºtze Hir√üe,Stoff (Solids),Grain,Grain,,,0,1659,
millet gruel,Gr√ºtze Hir√üe,Stoff (Solids),Grain,Grain,,,,1660,
millet gruel,Gr√ºtze Hir√üe,Stoff (Solids),Grain,Grain,,,,1661,
millet gruel,Gr√ºtze Hir√üe,Stoff (Solids),Grain,Grain,,,,1662,
millet gruel,Gr√ºtze Hir√üe,Stoff (Solids),Grain,Grain,,,87,1663,
millet gruel,Gr√ºtze Hir√üe,Stoff (Solids),Grain,Grain,,,,1664,
millet gruel,Gr√ºtze Hir√üe,Stoff (Solids),Grain,Grain,,,,1665,
millet gruel,Gr√ºtze Hir√üe,Stoff (Solids),Grain,Grain,,,,1666,
millet gruel,Gr√ºtze Hir√üe,Stoff (Solids),Grain,Grain,,,,1667,
millet gruel,Gr√ºtze Hir√üe,Stoff (Solids),Grain,Grain,,,0,1668,
millet gruel,Gr√ºtze Hir√üe,Stoff (Solids),Grain,Grain,,,,1669,
millet gruel,Gr√ºtze Hir√üe,Stoff (Solids),Grain,Grain,,,,1670,
millet gruel,Gr√ºtze Hir√üe,Stoff (Solids),Grain,Grain,,,,1671,
millet gruel,Gr√ºtze Hir√üe,Stoff (Solids),Grain,Grain,,,,1672,
millet gruel,Gr√ºtze Hir√üe,Stoff (Solids),Grain,Grain,,,,1673,
millet gruel,Gr√ºtze Hir√üe,Stoff (Solids),Grain,Grain,,,,1674,
millet gruel,Gr√ºtze Hir√üe,Stoff (Solids),Grain,Grain,,,,1675,
millet gruel,Gr√ºtze Hir√üe,Stoff (Solids),Grain,Grain,,,,1676,
millet gruel,Gr√ºtze Hir√üe,Stoff (Solids),Grain,Grain,,,,1677,
millet gruel,Gr√ºtze Hir√üe,Stoff (Solids),Grain,Grain,,,,1678,
millet gruel,Gr√ºtze Hir√üe,Stoff (Solids),Grain,Grain,,,,1679,
millet gruel,Gr√ºtze Hir√üe,Stoff (Solids),Grain,Grain,,,,1680,
millet gruel,Gr√ºtze Hir√üe,Stoff (Solids),Grain,Grain,,,,1681,
millet gruel,Gr√ºtze Hir√üe,Stoff (Solids),Grain,Grain,,,,1682,
millet gruel,Gr√ºtze Hir√üe,Stoff (Solids),Grain,Grain,,,,1683,
millet gruel,Gr√ºtze Hir√üe,Stoff (Solids),Grain,Grain,,,,1684,
millet gruel,Gr√ºtze Hir√üe,Stoff (Solids),Grain,Grain,,,,1685,
millet gruel,Gr√ºtze Hir√üe,Stoff (Solids),Grain,Grain,,,,1686,
millet gruel,Gr√ºtze Hir√üe,Stoff (Solids),Grain,Grain,,,,1687,
millet gruel,Gr√ºtze Hir√üe,Stoff (Solids),Grain,Grain,,,,1688,
buckwheat groats,Buchgrutz/Buchweitzen Gr√ºtze,Stoff (Solids),Grain,Grain,,,,1640,
buckwheat groats,Buchgrutz/Buchweitzen Gr√ºtze,Stoff (Solids),Grain,Grain,,,261.5,1641,
buckwheat groats,Buchgrutz/Buchweitzen Gr√ºtze,Stoff (Solids),Grain,Grain,,,,1642,
buckwheat groats,Buchgrutz/Buchweitzen Gr√ºtze,Stoff (Solids),Grain,Grain,,,,1643,
buckwheat groats,Buchgrutz/Buchweitzen Gr√ºtze,Stoff (Solids),Grain,Grain,,,455.5,1644,
buckwheat groats,Buchgrutz/Buchweitzen Gr√ºtze,Stoff (Solids),Grain,Grain,,,753,1645,
buckwheat groats,Buchgrutz/Buchweitzen Gr√ºtze,Stoff (Solids),Grain,Grain,,,1470.5,1646,
buckwheat groats,Buchgrutz/Buchweitzen Gr√ºtze,Stoff (Solids),Grain,Grain,,,,1647,
buckwheat groats,Buchgrutz/Buchweitzen Gr√ºtze,Stoff (Solids),Grain,Grain,,,,1648,
buckwheat groats,Buchgrutz/Buchweitzen Gr√ºtze,Stoff (Solids),Grain,Grain,,,,1649,
buckwheat groats,Buchgrutz/Buchweitzen Gr√ºtze,Stoff (Solids),Grain,Grain,,,,1650,
buckwheat groats,Buchgrutz/Buchweitzen Gr√ºtze,Stoff (Solids),Grain,Grain,,,,1651,
buckwheat groats,Buchgrutz/Buchweitzen Gr√ºtze,Stoff (Solids),Grain,Grain,,,,1652,
buckwheat groats,Buchgrutz/Buchweitzen Gr√ºtze,Stoff (Solids),Grain,Grain,,,,1653,
buckwheat groats,Buchgrutz/Buchweitzen Gr√ºtze,Stoff (Solids),Grain,Grain,,,,1654,
buckwheat groats,Buchgrutz/Buchweitzen Gr√ºtze,Stoff (Solids),Grain,Grain,,,,1655,
buckwheat groats,Buchgrutz/Buchweitzen Gr√ºtze,Stoff (Solids),Grain,Grain,,,,1656,
buckwheat groats,Buchgrutz/Buchweitzen Gr√ºtze,Stoff (Solids),Grain,Grain,,,,1657,
buckwheat groats,Buchgrutz/Buchweitzen Gr√ºtze,Stoff (Solids),Grain,Grain,,,,1658,
buckwheat groats,Buchgrutz/Buchweitzen Gr√ºtze,Stoff (Solids),Grain,Grain,,,0,1659,
buckwheat groats,Buchgrutz/Buchweitzen Gr√ºtze,Stoff (Solids),Grain,Grain,,,,1660,
buckwheat groats,Buchgrutz/Buchweitzen Gr√ºtze,Stoff (Solids),Grain,Grain,,,,1661,
buckwheat groats,Buchgrutz/Buchweitzen Gr√ºtze,Stoff (Solids),Grain,Grain,,,,1662,
buckwheat groats,Buchgrutz/Buchweitzen Gr√ºtze,Stoff (Solids),Grain,Grain,,,1061,1663,
buckwheat groats,Buchgrutz/Buchweitzen Gr√ºtze,Stoff (Solids),Grain,Grain,,,144,1664,
buckwheat groats,Buchgrutz/Buchweitzen Gr√ºtze,Stoff (Solids),Grain,Grain,,,,1665,
buckwheat groats,Buchgrutz/Buchweitzen Gr√ºtze,Stoff (Solids),Grain,Grain,,,,1666,
buckwheat groats,Buchgrutz/Buchweitzen Gr√ºtze,Stoff (Solids),Grain,Grain,,,,1667,
buckwheat groats,Buchgrutz/Buchweitzen Gr√ºtze,Stoff (Solids),Grain,Grain,,,0,1668,
buckwheat groats,Buchgrutz/Buchweitzen Gr√ºtze,Stoff (Solids),Grain,Grain,,,,1669,
buckwheat groats,Buchgrutz/Buchweitzen Gr√ºtze,Stoff (Solids),Grain,Grain,,,3,1670,
buckwheat groats,Buchgrutz/Buchweitzen Gr√ºtze,Stoff (Solids),Grain,Grain,,,3,1671,
buckwheat groats,Buchgrutz/Buchweitzen Gr√ºtze,Stoff (Solids),Grain,Grain,,,,1672,
buckwheat groats,Buchgrutz/Buchweitzen Gr√ºtze,Stoff (Solids),Grain,Grain,,,,1673,
buckwheat groats,Buchgrutz/Buchweitzen Gr√ºtze,Stoff (Solids),Grain,Grain,,,,1674,
buckwheat groats,Buchgrutz/Buchweitzen Gr√ºtze,Stoff (Solids),Grain,Grain,,,,1675,
buckwheat groats,Buchgrutz/Buchweitzen Gr√ºtze,Stoff (Solids),Grain,Grain,,,,1676,
buckwheat groats,Buchgrutz/Buchweitzen Gr√ºtze,Stoff (Solids),Grain,Grain,,,,1677,
buckwheat groats,Buchgrutz/Buchweitzen Gr√ºtze,Stoff (Solids),Grain,Grain,,,,1678,
buckwheat groats,Buchgrutz/Buchweitzen Gr√ºtze,Stoff (Solids),Grain,Grain,,,155,1679,
buckwheat groats,Buchgrutz/Buchweitzen Gr√ºtze,Stoff (Solids),Grain,Grain,,,,1680,
buckwheat groats,Buchgrutz/Buchweitzen Gr√ºtze,Stoff (Solids),Grain,Grain,,,240,1681,
buckwheat groats,Buchgrutz/Buchweitzen Gr√ºtze,Stoff (Solids),Grain,Grain,,,,1682,
buckwheat groats,Buchgrutz/Buchweitzen Gr√ºtze,Stoff (Solids),Grain,Grain,,,,1683,
buckwheat groats,Buchgrutz/Buchweitzen Gr√ºtze,Stoff (Solids),Grain,Grain,,,,1684,
buckwheat groats,Buchgrutz/Buchweitzen Gr√ºtze,Stoff (Solids),Grain,Grain,,,,1685,
buckwheat groats,Buchgrutz/Buchweitzen Gr√ºtze,Stoff (Solids),Grain,Grain,,,,1686,
buckwheat groats,Buchgrutz/Buchweitzen Gr√ºtze,Stoff (Solids),Grain,Grain,,,,1687,
buckwheat groats,Buchgrutz/Buchweitzen Gr√ºtze,Stoff (Solids),Grain,Grain,,,,1688,
water mannagrass,Schwaden,Stoff (Solids),Grain,Grain,,,,1640,
water mannagrass,Schwaden,Stoff (Solids),Grain,Grain,,,120.5,1641,
water mannagrass,Schwaden,Stoff (Solids),Grain,Grain,,,,1642,
water mannagrass,Schwaden,Stoff (Solids),Grain,Grain,,,,1643,
water mannagrass,Schwaden,Stoff (Solids),Grain,Grain,,,45.5,1644,
water mannagrass,Schwaden,Stoff (Solids),Grain,Grain,,,97,1645,
water mannagrass,Schwaden,Stoff (Solids),Grain,Grain,,,51,1646,
water mannagrass,Schwaden,Stoff (Solids),Grain,Grain,,,,1647,
water mannagrass,Schwaden,Stoff (Solids),Grain,Grain,,,,1648,
water mannagrass,Schwaden,Stoff (Solids),Grain,Grain,,,,1649,
water mannagrass,Schwaden,Stoff (Solids),Grain,Grain,,,,1650,
water mannagrass,Schwaden,Stoff (Solids),Grain,Grain,,,,1651,
water mannagrass,Schwaden,Stoff (Solids),Grain,Grain,,,,1652,
water mannagrass,Schwaden,Stoff (Solids),Grain,Grain,,,,1653,
water mannagrass,Schwaden,Stoff (Solids),Grain,Grain,,,,1654,
water mannagrass,Schwaden,Stoff (Solids),Grain,Grain,,,,1655,
water mannagrass,Schwaden,Stoff (Solids),Grain,Grain,,,,1656,
water mannagrass,Schwaden,Stoff (Solids),Grain,Grain,,,,1657,
water mannagrass,Schwaden,Stoff (Solids),Grain,Grain,,,,1658,
water mannagrass,Schwaden,Stoff (Solids),Grain,Grain,,,1,1659,
water mannagrass,Schwaden,Stoff (Solids),Grain,Grain,,,,1660,
water mannagrass,Schwaden,Stoff (Solids),Grain,Grain,,,,1661,
water mannagrass,Schwaden,Stoff (Solids),Grain,Grain,,,,1662,
water mannagrass,Schwaden,Stoff (Solids),Grain,Grain,,,53,1663,
water mannagrass,Schwaden,Stoff (Solids),Grain,Grain,,,9,1664,
water mannagrass,Schwaden,Stoff (Solids),Grain,Grain,,,,1665,
water mannagrass,Schwaden,Stoff (Solids),Grain,Grain,,,,1666,
water mannagrass,Schwaden,Stoff (Solids),Grain,Grain,,,,1667,
water mannagrass,Schwaden,Stoff (Solids),Grain,Grain,,,0,1668,
water mannagrass,Schwaden,Stoff (Solids),Grain,Grain,,,,1669,
water mannagrass,Schwaden,Stoff (Solids),Grain,Grain,,,,1670,
water mannagrass,Schwaden,Stoff (Solids),Grain,Grain,,,,1671,
water mannagrass,Schwaden,Stoff (Solids),Grain,Grain,,,,1672,
water mannagrass,Schwaden,Stoff (Solids),Grain,Grain,,,,1673,
water mannagrass,Schwaden,Stoff (Solids),Grain,Grain,,,,1674,
water mannagrass,Schwaden,Stoff (Solids),Grain,Grain,,,,1675,
water mannagrass,Schwaden,Stoff (Solids),Grain,Grain,,,,1676,
water mannagrass,Schwaden,Stoff (Solids),Grain,Grain,,,,1677,
water mannagrass,Schwaden,Stoff (Solids),Grain,Grain,,,,1678,
water mannagrass,Schwaden,Stoff (Solids),Grain,Grain,,,4,1679,
water mannagrass,Schwaden,Stoff (Solids),Grain,Grain,,,,1680,
water mannagrass,Schwaden,Stoff (Solids),Grain,Grain,,,,1681,
water mannagrass,Schwaden,Stoff (Solids),Grain,Grain,,,,1682,
water mannagrass,Schwaden,Stoff (Solids),Grain,Grain,,,,1683,
water mannagrass,Schwaden,Stoff (Solids),Grain,Grain,,,,1684,
water mannagrass,Schwaden,Stoff (Solids),Grain,Grain,,,,1685,
water mannagrass,Schwaden,Stoff (Solids),Grain,Grain,,,,1686,
water mannagrass,Schwaden,Stoff (Solids),Grain,Grain,,,,1687,
water mannagrass,Schwaden,Stoff (Solids),Grain,Grain,,,,1688,
barley groats,Gerstengr√ºz,Stoff (Solids),Grain,Grain,,,,1640,
barley groats,Gerstengr√ºz,Stoff (Solids),Grain,Grain,,,2,1641,
barley groats,Gerstengr√ºz,Stoff (Solids),Grain,Grain,,,,1642,
barley groats,Gerstengr√ºz,Stoff (Solids),Grain,Grain,,,,1643,
barley groats,Gerstengr√ºz,Stoff (Solids),Grain,Grain,,,149.5,1644,
barley groats,Gerstengr√ºz,Stoff (Solids),Grain,Grain,,,1431.5,1645,
barley groats,Gerstengr√ºz,Stoff (Solids),Grain,Grain,,,452,1646,
barley groats,Gerstengr√ºz,Stoff (Solids),Grain,Grain,,,,1647,
barley groats,Gerstengr√ºz,Stoff (Solids),Grain,Grain,,,,1648,
barley groats,Gerstengr√ºz,Stoff (Solids),Grain,Grain,,,,1649,
barley groats,Gerstengr√ºz,Stoff (Solids),Grain,Grain,,,,1650,
barley groats,Gerstengr√ºz,Stoff (Solids),Grain,Grain,,,,1651,
barley groats,Gerstengr√ºz,Stoff (Solids),Grain,Grain,,,,1652,
barley groats,Gerstengr√ºz,Stoff (Solids),Grain,Grain,,,,1653,
barley groats,Gerstengr√ºz,Stoff (Solids),Grain,Grain,,,,1654,
barley groats,Gerstengr√ºz,Stoff (Solids),Grain,Grain,,,,1655,
barley groats,Gerstengr√ºz,Stoff (Solids),Grain,Grain,,,,1656,
barley groats,Gerstengr√ºz,Stoff (Solids),Grain,Grain,,,,1657,
barley groats,Gerstengr√ºz,Stoff (Solids),Grain,Grain,,,,1658,
barley groats,Gerstengr√ºz,Stoff (Solids),Grain,Grain,,,740,1659,
barley groats,Gerstengr√ºz,Stoff (Solids),Grain,Grain,,,,1660,
barley groats,Gerstengr√ºz,Stoff (Solids),Grain,Grain,,,,1661,
barley groats,Gerstengr√ºz,Stoff (Solids),Grain,Grain,,,48,1662,
barley groats,Gerstengr√ºz,Stoff (Solids),Grain,Grain,,,2842,1663,
barley groats,Gerstengr√ºz,Stoff (Solids),Grain,Grain,,,453,1664,
barley groats,Gerstengr√ºz,Stoff (Solids),Grain,Grain,,,,1665,
barley groats,Gerstengr√ºz,Stoff (Solids),Grain,Grain,,,,1666,
barley groats,Gerstengr√ºz,Stoff (Solids),Grain,Grain,,,,1667,
barley groats,Gerstengr√ºz,Stoff (Solids),Grain,Grain,,,9,1668,
barley groats,Gerstengr√ºz,Stoff (Solids),Grain,Grain,,,,1669,
barley groats,Gerstengr√ºz,Stoff (Solids),Grain,Grain,,,3,1670,
barley groats,Gerstengr√ºz,Stoff (Solids),Grain,Grain,,,,1671,
barley groats,Gerstengr√ºz,Stoff (Solids),Grain,Grain,,,,1672,
barley groats,Gerstengr√ºz,Stoff (Solids),Grain,Grain,,,,1673,
barley groats,Gerstengr√ºz,Stoff (Solids),Grain,Grain,,,,1674,
barley groats,Gerstengr√ºz,Stoff (Solids),Grain,Grain,,,,1675,
barley groats,Gerstengr√ºz,Stoff (Solids),Grain,Grain,,,,1676,
barley groats,Gerstengr√ºz,Stoff (Solids),Grain,Grain,,,,1677,
barley groats,Gerstengr√ºz,Stoff (Solids),Grain,Grain,,,,1678,
barley groats,Gerstengr√ºz,Stoff (Solids),Grain,Grain,,,48,1679,
barley groats,Gerstengr√ºz,Stoff (Solids),Grain,Grain,,,,1680,
barley groats,Gerstengr√ºz,Stoff (Solids),Grain,Grain,,,384,1681,
barley groats,Gerstengr√ºz,Stoff (Solids),Grain,Grain,,,,1682,
barley groats,Gerstengr√ºz,Stoff (Solids),Grain,Grain,,,,1683,
barley groats,Gerstengr√ºz,Stoff (Solids),Grain,Grain,,,,1684,
barley groats,Gerstengr√ºz,Stoff (Solids),Grain,Grain,,,,1685,
barley groats,Gerstengr√ºz,Stoff (Solids),Grain,Grain,,,,1686,
barley groats,Gerstengr√ºz,Stoff (Solids),Grain,Grain,,,,1687,
barley groats,Gerstengr√ºz,Stoff (Solids),Grain,Grain,,,,1688,
oat groats,Habergr√ºtz,Stoff (Solids),Grain,Grain,,,,1640,
oat groats,Habergr√ºtz,Stoff (Solids),Grain,Grain,,,459.5,1641,
oat groats,Habergr√ºtz,Stoff (Solids),Grain,Grain,,,,1642,
oat groats,Habergr√ºtz,Stoff (Solids),Grain,Grain,,,,1643,
oat groats,Habergr√ºtz,Stoff (Solids),Grain,Grain,,,463,1644,
oat groats,Habergr√ºtz,Stoff (Solids),Grain,Grain,,,936,1645,
oat groats,Habergr√ºtz,Stoff (Solids),Grain,Grain,,,1275,1646,
oat groats,Habergr√ºtz,Stoff (Solids),Grain,Grain,,,,1647,
oat groats,Habergr√ºtz,Stoff (Solids),Grain,Grain,,,,1648,
oat groats,Habergr√ºtz,Stoff (Solids),Grain,Grain,,,,1649,
oat groats,Habergr√ºtz,Stoff (Solids),Grain,Grain,,,,1650,
oat groats,Habergr√ºtz,Stoff (Solids),Grain,Grain,,,,1651,
oat groats,Habergr√ºtz,Stoff (Solids),Grain,Grain,,,,1652,
oat groats,Habergr√ºtz,Stoff (Solids),Grain,Grain,,,,1653,
oat groats,Habergr√ºtz,Stoff (Solids),Grain,Grain,,,,1654,
oat groats,Habergr√ºtz,Stoff (Solids),Grain,Grain,,,,1655,
oat groats,Habergr√ºtz,Stoff (Solids),Grain,Grain,,,,1656,
oat groats,Habergr√ºtz,Stoff (Solids),Grain,Grain,,,,1657,
oat groats,Habergr√ºtz,Stoff (Solids),Grain,Grain,,,,1658,
oat groats,Habergr√ºtz,Stoff (Solids),Grain,Grain,,,52,1659,
oat groats,Habergr√ºtz,Stoff (Solids),Grain,Grain,,,,1660,
oat groats,Habergr√ºtz,Stoff (Solids),Grain,Grain,,,,1661,
oat groats,Habergr√ºtz,Stoff (Solids),Grain,Grain,,,,1662,
oat groats,Habergr√ºtz,Stoff (Solids),Grain,Grain,,,2295,1663,
oat groats,Habergr√ºtz,Stoff (Solids),Grain,Grain,,,336,1664,
oat groats,Habergr√ºtz,Stoff (Solids),Grain,Grain,,,,1665,
oat groats,Habergr√ºtz,Stoff (Solids),Grain,Grain,,,,1666,
oat groats,Habergr√ºtz,Stoff (Solids),Grain,Grain,,,,1667,
oat groats,Habergr√ºtz,Stoff (Solids),Grain,Grain,,,28,1668,
oat groats,Habergr√ºtz,Stoff (Solids),Grain,Grain,,,,1669,
oat groats,Habergr√ºtz,Stoff (Solids),Grain,Grain,,,,1670,
oat groats,Habergr√ºtz,Stoff (Solids),Grain,Grain,,,,1671,
oat groats,Habergr√ºtz,Stoff (Solids),Grain,Grain,,,,1672,
oat groats,Habergr√ºtz,Stoff (Solids),Grain,Grain,,,,1673,
oat groats,Habergr√ºtz,Stoff (Solids),Grain,Grain,,,,1674,
oat groats,Habergr√ºtz,Stoff (Solids),Grain,Grain,,,,1675,
oat groats,Habergr√ºtz,Stoff (Solids),Grain,Grain,,,,1676,
oat groats,Habergr√ºtz,Stoff (Solids),Grain,Grain,,,,1677,
oat groats,Habergr√ºtz,Stoff (Solids),Grain,Grain,,,,1678,
oat groats,Habergr√ºtz,Stoff (Solids),Grain,Grain,,,72,1679,
oat groats,Habergr√ºtz,Stoff (Solids),Grain,Grain,,,,1680,
oat groats,Habergr√ºtz,Stoff (Solids),Grain,Grain,,,336,1681,
oat groats,Habergr√ºtz,Stoff (Solids),Grain,Grain,,,,1682,
oat groats,Habergr√ºtz,Stoff (Solids),Grain,Grain,,,,1683,
oat groats,Habergr√ºtz,Stoff (Solids),Grain,Grain,,,,1684,
oat groats,Habergr√ºtz,Stoff (Solids),Grain,Grain,,,,1685,
oat groats,Habergr√ºtz,Stoff (Solids),Grain,Grain,,,,1686,
oat groats,Habergr√ºtz,Stoff (Solids),Grain,Grain,,,,1687,
oat groats,Habergr√ºtz,Stoff (Solids),Grain,Grain,,,,1688,
pearl barley,Gerstengraupen/ Graupen,Stoff (Solids),Grain,Grain,,,,1640,
pearl barley,Gerstengraupen/ Graupen,Stoff (Solids),Grain,Grain,,,662,1641,
pearl barley,Gerstengraupen/ Graupen,Stoff (Solids),Grain,Grain,,,,1642,
pearl barley,Gerstengraupen/ Graupen,Stoff (Solids),Grain,Grain,,,,1643,
pearl barley,Gerstengraupen/ Graupen,Stoff (Solids),Grain,Grain,,,432,1644,
pearl barley,Gerstengraupen/ Graupen,Stoff (Solids),Grain,Grain,,,789,1645,
pearl barley,Gerstengraupen/ Graupen,Stoff (Solids),Grain,Grain,,,408.5,1646,
pearl barley,Gerstengraupen/ Graupen,Stoff (Solids),Grain,Grain,,,,1647,
pearl barley,Gerstengraupen/ Graupen,Stoff (Solids),Grain,Grain,,,,1648,
pearl barley,Gerstengraupen/ Graupen,Stoff (Solids),Grain,Grain,,,,1649,
pearl barley,Gerstengraupen/ Graupen,Stoff (Solids),Grain,Grain,,,,1650,
pearl barley,Gerstengraupen/ Graupen,Stoff (Solids),Grain,Grain,,,,1651,
pearl barley,Gerstengraupen/ Graupen,Stoff (Solids),Grain,Grain,,,,1652,
pearl barley,Gerstengraupen/ Graupen,Stoff (Solids),Grain,Grain,,,,1653,
pearl barley,Gerstengraupen/ Graupen,Stoff (Solids),Grain,Grain,,,,1654,
pearl barley,Gerstengraupen/ Graupen,Stoff (Solids),Grain,Grain,,,,1655,
pearl barley,Gerstengraupen/ Graupen,Stoff (Solids),Grain,Grain,,,,1656,
pearl barley,Gerstengraupen/ Graupen,Stoff (Solids),Grain,Grain,,,,1657,
pearl barley,Gerstengraupen/ Graupen,Stoff (Solids),Grain,Grain,,,,1658,
pearl barley,Gerstengraupen/ Graupen,Stoff (Solids),Grain,Grain,,,0,1659,
pearl barley,Gerstengraupen/ Graupen,Stoff (Solids),Grain,Grain,,,,1660,
pearl barley,Gerstengraupen/ Graupen,Stoff (Solids),Grain,Grain,,,,1661,
pearl barley,Gerstengraupen/ Graupen,Stoff (Solids),Grain,Grain,,,,1662,
pearl barley,Gerstengraupen/ Graupen,Stoff (Solids),Grain,Grain,,,1808,1663,
pearl barley,Gerstengraupen/ Graupen,Stoff (Solids),Grain,Grain,,,48,1664,
pearl barley,Gerstengraupen/ Graupen,Stoff (Solids),Grain,Grain,,,,1665,
pearl barley,Gerstengraupen/ Graupen,Stoff (Solids),Grain,Grain,,,,1666,
pearl barley,Gerstengraupen/ Graupen,Stoff (Solids),Grain,Grain,,,,1667,
pearl barley,Gerstengraupen/ Graupen,Stoff (Solids),Grain,Grain,,,172,1668,
pearl barley,Gerstengraupen/ Graupen,Stoff (Solids),Grain,Grain,,,,1669,
pearl barley,Gerstengraupen/ Graupen,Stoff (Solids),Grain,Grain,,,,1670,
pearl barley,Gerstengraupen/ Graupen,Stoff (Solids),Grain,Grain,,,8,1671,
pearl barley,Gerstengraupen/ Graupen,Stoff (Solids),Grain,Grain,,,,1672,
pearl barley,Gerstengraupen/ Graupen,Stoff (Solids),Grain,Grain,,,,1673,
pearl barley,Gerstengraupen/ Graupen,Stoff (Solids),Grain,Grain,,,,1674,
pearl barley,Gerstengraupen/ Graupen,Stoff (Solids),Grain,Grain,,,,1675,
pearl barley,Gerstengraupen/ Graupen,Stoff (Solids),Grain,Grain,,,,1676,
pearl barley,Gerstengraupen/ Graupen,Stoff (Solids),Grain,Grain,,,,1677,
pearl barley,Gerstengraupen/ Graupen,Stoff (Solids),Grain,Grain,,,,1678,
pearl barley,Gerstengraupen/ Graupen,Stoff (Solids),Grain,Grain,,,,1679,
pearl barley,Gerstengraupen/ Graupen,Stoff (Solids),Grain,Grain,,,,1680,
pearl barley,Gerstengraupen/ Graupen,Stoff (Solids),Grain,Grain,,,48,1681,
pearl barley,Gerstengraupen/ Graupen,Stoff (Solids),Grain,Grain,,,,1682,
pearl barley,Gerstengraupen/ Graupen,Stoff (Solids),Grain,Grain,,,,1683,
pearl barley,Gerstengraupen/ Graupen,Stoff (Solids),Grain,Grain,,,,1684,
pearl barley,Gerstengraupen/ Graupen,Stoff (Solids),Grain,Grain,,,,1685,
pearl barley,Gerstengraupen/ Graupen,Stoff (Solids),Grain,Grain,,,,1686,
pearl barley,Gerstengraupen/ Graupen,Stoff (Solids),Grain,Grain,,,,1687,
pearl barley,Gerstengraupen/ Graupen,Stoff (Solids),Grain,Grain,,,,1688,
wheat flour,Weitzen Mehl,Stoff (Solids),Grain,Grain,,,,1640,
wheat flour,Weitzen Mehl,Stoff (Solids),Grain,Grain,,,,1641,
wheat flour,Weitzen Mehl,Stoff (Solids),Grain,Grain,,,,1642,
wheat flour,Weitzen Mehl,Stoff (Solids),Grain,Grain,,,,1643,
wheat flour,Weitzen Mehl,Stoff (Solids),Grain,Grain,,,,1644,
wheat flour,Weitzen Mehl,Stoff (Solids),Grain,Grain,,,,1645,
wheat flour,Weitzen Mehl,Stoff (Solids),Grain,Grain,,,,1646,
wheat flour,Weitzen Mehl,Stoff (Solids),Grain,Grain,,,,1647,
wheat flour,Weitzen Mehl,Stoff (Solids),Grain,Grain,,,,1648,
wheat flour,Weitzen Mehl,Stoff (Solids),Grain,Grain,,,,1649,
wheat flour,Weitzen Mehl,Stoff (Solids),Grain,Grain,,,,1650,
wheat flour,Weitzen Mehl,Stoff (Solids),Grain,Grain,,,,1651,
wheat flour,Weitzen Mehl,Stoff (Solids),Grain,Grain,,,,1652,
wheat flour,Weitzen Mehl,Stoff (Solids),Grain,Grain,,,,1653,
wheat flour,Weitzen Mehl,Stoff (Solids),Grain,Grain,,,,1654,
wheat flour,Weitzen Mehl,Stoff (Solids),Grain,Grain,,,,1655,
wheat flour,Weitzen Mehl,Stoff (Solids),Grain,Grain,,,,1656,
wheat flour,Weitzen Mehl,Stoff (Solids),Grain,Grain,,,,1657,
wheat flour,Weitzen Mehl,Stoff (Solids),Grain,Grain,,,,1658,
wheat flour,Weitzen Mehl,Stoff (Solids),Grain,Grain,,,,1659,
wheat flour,Weitzen Mehl,Stoff (Solids),Grain,Grain,,,,1660,
wheat flour,Weitzen Mehl,Stoff (Solids),Grain,Grain,,,,1661,
wheat flour,Weitzen Mehl,Stoff (Solids),Grain,Grain,,,,1662,
wheat flour,Weitzen Mehl,Stoff (Solids),Grain,Grain,,,,1663,
wheat flour,Weitzen Mehl,Stoff (Solids),Grain,Grain,,,,1664,
wheat flour,Weitzen Mehl,Stoff (Solids),Grain,Grain,,,,1665,
wheat flour,Weitzen Mehl,Stoff (Solids),Grain,Grain,,,,1666,
wheat flour,Weitzen Mehl,Stoff (Solids),Grain,Grain,,,,1667,
wheat flour,Weitzen Mehl,Stoff (Solids),Grain,Grain,,,,1668,
wheat flour,Weitzen Mehl,Stoff (Solids),Grain,Grain,,,,1669,
wheat flour,Weitzen Mehl,Stoff (Solids),Grain,Grain,,,,1670,
wheat flour,Weitzen Mehl,Stoff (Solids),Grain,Grain,,,,1671,
wheat flour,Weitzen Mehl,Stoff (Solids),Grain,Grain,,,,1672,
wheat flour,Weitzen Mehl,Stoff (Solids),Grain,Grain,,,,1673,
wheat flour,Weitzen Mehl,Stoff (Solids),Grain,Grain,,,,1674,
wheat flour,Weitzen Mehl,Stoff (Solids),Grain,Grain,,,,1675,
wheat flour,Weitzen Mehl,Stoff (Solids),Grain,Grain,,,,1676,
wheat flour,Weitzen Mehl,Stoff (Solids),Grain,Grain,,,,1677,
wheat flour,Weitzen Mehl,Stoff (Solids),Grain,Grain,,,,1678,
wheat flour,Weitzen Mehl,Stoff (Solids),Grain,Grain,,,168,1679,
wheat flour,Weitzen Mehl,Stoff (Solids),Grain,Grain,,,,1680,
wheat flour,Weitzen Mehl,Stoff (Solids),Grain,Grain,,,,1681,
wheat flour,Weitzen Mehl,Stoff (Solids),Grain,Grain,,,,1682,
wheat flour,Weitzen Mehl,Stoff (Solids),Grain,Grain,,,,1683,
wheat flour,Weitzen Mehl,Stoff (Solids),Grain,Grain,,,,1684,
wheat flour,Weitzen Mehl,Stoff (Solids),Grain,Grain,,,,1685,
wheat flour,Weitzen Mehl,Stoff (Solids),Grain,Grain,,,,1686,
wheat flour,Weitzen Mehl,Stoff (Solids),Grain,Grain,,,,1687,
wheat flour,Weitzen Mehl,Stoff (Solids),Grain,Grain,,,,1688,
peas,Erb√üen,Stof (Solids),Grain,Grain,,,,1640,
peas,Erb√üen,Stof (Solids),Grain,Grain,,,1994.5,1641,
peas,Erb√üen,Stof (Solids),Grain,Grain,,,,1642,
peas,Erb√üen,Stof (Solids),Grain,Grain,,,,1643,
peas,Erb√üen,Stof (Solids),Grain,Grain,,,1427,1644,
peas,Erb√üen,Stof (Solids),Grain,Grain,,,2195,1645,
peas,Erb√üen,Stof (Solids),Grain,Grain,,,3390,1646,
peas,Erb√üen,Stof (Solids),Grain,Grain,,,,1647,
peas,Erb√üen,Stof (Solids),Grain,Grain,,,,1648,
peas,Erb√üen,Stof (Solids),Grain,Grain,,,,1649,
peas,Erb√üen,Stof (Solids),Grain,Grain,,,,1650,
peas,Erb√üen,Stof (Solids),Grain,Grain,,,,1651,
peas,Erb√üen,Stof (Solids),Grain,Grain,,,,1652,
peas,Erb√üen,Stof (Solids),Grain,Grain,,,,1653,
peas,Erb√üen,Stof (Solids),Grain,Grain,,,,1654,
peas,Erb√üen,Stof (Solids),Grain,Grain,,,,1655,
peas,Erb√üen,Stof (Solids),Grain,Grain,,,,1656,
peas,Erb√üen,Stof (Solids),Grain,Grain,,,,1657,
peas,Erb√üen,Stof (Solids),Grain,Grain,,,,1658,
peas,Erb√üen,Stof (Solids),Grain,Grain,,,972,1659,
peas,Erb√üen,Stof (Solids),Grain,Grain,,,,1660,
peas,Erb√üen,Stof (Solids),Grain,Grain,,,,1661,
peas,Erb√üen,Stof (Solids),Grain,Grain,,,,1662,
peas,Erb√üen,Stof (Solids),Grain,Grain,,,6246,1663,
peas,Erb√üen,Stof (Solids),Grain,Grain,,,736,1664,
peas,Erb√üen,Stof (Solids),Grain,Grain,,,,1665,
peas,Erb√üen,Stof (Solids),Grain,Grain,,,,1666,
peas,Erb√üen,Stof (Solids),Grain,Grain,,,,1667,
peas,Erb√üen,Stof (Solids),Grain,Grain,,,1401.5,1668,
peas,Erb√üen,Stof (Solids),Grain,Grain,,,,1669,
peas,Erb√üen,Stof (Solids),Grain,Grain,,,,1670,
peas,Erb√üen,Stof (Solids),Grain,Grain,,,,1671,
peas,Erb√üen,Stof (Solids),Grain,Grain,,,,1672,
peas,Erb√üen,Stof (Solids),Grain,Grain,,,,1673,
peas,Erb√üen,Stof (Solids),Grain,Grain,,,,1674,
peas,Erb√üen,Stof (Solids),Grain,Grain,,,,1675,
peas,Erb√üen,Stof (Solids),Grain,Grain,,,,1676,
peas,Erb√üen,Stof (Solids),Grain,Grain,,,,1677,
peas,Erb√üen,Stof (Solids),Grain,Grain,,,,1678,
peas,Erb√üen,Stof (Solids),Grain,Grain,,,192,1679,
peas,Erb√üen,Stof (Solids),Grain,Grain,,,,1680,
peas,Erb√üen,Stof (Solids),Grain,Grain,,,432,1681,
peas,Erb√üen,Stof (Solids),Grain,Grain,,,,1682,
peas,Erb√üen,Stof (Solids),Grain,Grain,,,,1683,
peas,Erb√üen,Stof (Solids),Grain,Grain,,,,1684,
peas,Erb√üen,Stof (Solids),Grain,Grain,,,,1685,
peas,Erb√üen,Stof (Solids),Grain,Grain,,,,1686,
peas,Erb√üen,Stof (Solids),Grain,Grain,,,,1687,
peas,Erb√üen,Stof (Solids),Grain,Grain,,,,1688,
