translation,category,macrocategory,subcategory,1641,1644,1645,1646,1648,1656,1657,1659,1662,1663,1664,1665,1668,1670,1671,1672,1673,1674,1675,1676,1677,1678,1679,1680,1681,1682,1683,1684,1685,1686,1687,1688
almonds,nuts,Flavoring/Other,,491,250.5,571.5,636.75,27,188,52,44,NA,588,414,NA,14,43,84,72,132,6,NA,NA,NA,NA,2,NA,NA,NA,NA,NA,NA,NA,NA,NA
apples,Fruit,Fruits and Vegetables,,NA,NA,NA,NA,NA,NA,NA,NA,NA,NA,NA,NA,480,NA,NA,288,NA,NA,NA,NA,NA,NA,48,NA,NA,NA,NA,NA,NA,NA,NA,NA
Atlantic herring,Fish,Meat,,NA,NA,NA,0,NA,NA,NA,NA,NA,NA,NA,NA,NA,NA,NA,NA,NA,NA,NA,NA,NA,NA,NA,NA,NA,NA,NA,NA,NA,NA,NA,NA
aurochs,Meat,Meat,game,NA,NA,0.5,2,NA,NA,NA,NA,NA,NA,NA,NA,NA,NA,NA,NA,NA,NA,NA,NA,NA,NA,NA,NA,NA,NA,NA,NA,NA,NA,NA,NA
bacon,Meat,Meat,pork,275.87,231.87,365.87,476.75,1,NA,NA,23.75,2.5,546,121.25,NA,19,7.75,2,13.5,13,NA,NA,0.25,NA,NA,44,NA,36,1,0.5,NA,NA,NA,1,NA
barley groats,Grain,Grain,,2,149.5,"1,431.5",452,NA,NA,NA,740,48,2842,453,NA,9,3,NA,NA,NA,NA,NA,NA,NA,NA,48,NA,384,NA,NA,NA,NA,NA,NA,NA
beef,Meat,Meat,Beef,5.25,2,14.5,6,NA,NA,NA,3,NA,7,18,0,0,NA,NA,NA,NA,NA,NA,NA,NA,NA,NA,NA,NA,NA,NA,NA,NA,NA,NA,NA
beer vinegar,Acid,Flavoring/Other,,8438,4352,5518,10848,7,NA,NA,0,NA,12053,1920,NA,63.5,NA,NA,11,27,NA,NA,NA,NA,NA,NA,NA,NA,NA,NA,NA,NA,NA,NA,NA
Big sheep cheese,Dairy,Dairy,,22,4,10,8,NA,NA,NA,0,NA,5,NA,NA,0,NA,NA,NA,NA,NA,NA,NA,NA,NA,NA,NA,NA,NA,NA,NA,NA,NA,NA,NA
black grouse,Meat,Meat,"bird, fowl, wild",228,74,122,287,NA,NA,NA,0,NA,853,69,NA,NA,0,2,NA,NA,NA,NA,NA,NA,NA,43,NA,NA,NA,NA,NA,NA,NA,NA,NA
boar bacon,Meat,Meat,"pork, wild",25.12,NA,2,0.5,NA,NA,NA,0,NA,NA,NA,NA,NA,NA,NA,NA,NA,NA,NA,NA,NA,NA,NA,NA,NA,NA,NA,NA,NA,NA,NA,NA
Brandenburg hard cheese,Dairy,Dairy,,17195,5635,21785,7493,NA,NA,NA,0,NA,15700,2640,NA,1800,NA,128,5160,3780,1560,1200,120,840,840,60,960,NA,960,120,960,960,960,NA,1080
brined/pickled castrated ram (wether),Meat,Meat,,NA,NA,NA,NA,NA,NA,NA,NA,NA,NA,40,NA,NA,NA,NA,NA,NA,NA,NA,NA,NA,NA,NA,NA,NA,NA,NA,NA,NA,NA,NA,NA
brined/pickled goose,Meat,Meat,preserved,288,NA,7,NA,NA,NA,NA,0,NA,NA,NA,NA,NA,NA,NA,NA,NA,NA,NA,NA,NA,NA,NA,NA,NA,NA,NA,NA,NA,NA,NA,NA
brined/pickled lamb,Meat,Meat,other,7,55.5,NA,NA,NA,NA,NA,0,NA,NA,NA,NA,NA,NA,NA,NA,NA,NA,NA,NA,NA,NA,NA,NA,NA,NA,NA,NA,NA,NA,NA,NA
brined/pickled sheep,Meat,Meat,other,11,143,10.25,38,NA,NA,NA,0,NA,NA,NA,NA,NA,NA,NA,NA,NA,NA,NA,NA,NA,NA,NA,NA,NA,NA,NA,NA,NA,NA,NA,NA
buckwheat groats,Grain,Grain,,261.5,455.5,753,"1,470.5",NA,NA,NA,0,NA,1061,144,NA,0,3,3,NA,NA,NA,NA,NA,NA,NA,155,NA,240,NA,NA,NA,NA,NA,NA,NA
burpot,Fish,Meat,,1798,NA,NA,240,NA,NA,NA,0,NA,NA,NA,NA,0,NA,NA,NA,NA,NA,NA,NA,NA,NA,NA,NA,NA,NA,NA,NA,NA,NA,NA,NA
bustard,Meat,Meat,"bird, wild",NA,NA,NA,4,NA,NA,NA,0,NA,3,NA,NA,NA,NA,NA,NA,NA,NA,NA,NA,NA,NA,NA,NA,NA,NA,NA,NA,NA,NA,NA,NA
butter,Dairy,Dairy,,"8,619.5","4,828.5",7978,"8,099.5",192,NA,NA,NA,710,19020,9320,NA,340.5,365.5,30,504,276,NA,48,NA,NA,NA,1128,NA,3720,72,NA,NA,NA,NA,72,120
calf trunk,Meat,Meat,Beef,NA,NA,NA,NA,NA,NA,NA,NA,NA,NA,NA,NA,NA,15,4,NA,NA,NA,NA,NA,NA,NA,NA,NA,NA,NA,NA,NA,NA,NA,NA,NA
candied lemon peel,Fruit,Fruits and Vegetables,,1.5,NA,0,0,NA,173.75,NA,0,NA,NA,100,NA,4,10,NA,21,15.5,NA,NA,NA,NA,NA,NA,NA,NA,NA,NA,NA,NA,NA,NA,NA
capercaillie,Meat,Meat,"bird, fowl, wild",22,26,51,94,NA,NA,NA,0,NA,86,8,NA,NA,0,NA,NA,NA,NA,NA,NA,NA,NA,NA,NA,NA,NA,NA,NA,NA,NA,NA,NA
capon,Meat,Meat,"bird, fowl",842,609,858,871,NA,NA,NA,0,12,515,250,8,0,20,17,NA,NA,NA,NA,NA,NA,NA,53,NA,134,NA,NA,NA,NA,NA,NA,NA
caraway,Spice,Flavoring/Other,,NA,NA,NA,NA,NA,11,NA,0,NA,590,NA,NA,NA,NA,NA,NA,NA,NA,NA,NA,NA,NA,NA,NA,NA,NA,NA,NA,NA,NA,NA,NA
carp,Fish,Meat,,10825,1809,3077,9142,NA,NA,NA,52,0,12925,3598,NA,36,NA,15,NA,NA,NA,NA,NA,NA,NA,NA,NA,NA,NA,NA,NA,NA,NA,NA,NA
carp (type unknown),Fish,Meat,,NA,NA,NA,NA,NA,NA,NA,NA,NA,NA,NA,NA,NA,NA,NA,NA,NA,NA,NA,NA,NA,NA,NA,NA,NA,NA,NA,NA,NA,NA,NA,NA
chameleon loach,Fish,Meat,,NA,NA,NA,NA,NA,NA,NA,NA,NA,NA,NA,NA,NA,1311,360,NA,NA,NA,NA,NA,NA,NA,780,NA,NA,300,NA,NA,NA,NA,NA,NA
cherry sauce,Fruit,Fruits and Vegetables,,NA,0.875,NA,11,NA,NA,NA,0,NA,31,111,NA,2,NA,NA,NA,NA,NA,NA,NA,NA,NA,12,NA,NA,NA,NA,NA,NA,NA,NA,NA
cherry sauce or marmalade,Fruit,Fruits and Vegetables,,NA,NA,60.5,NA,NA,200,NA,NA,NA,NA,NA,NA,NA,NA,NA,NA,NA,NA,NA,NA,NA,NA,NA,NA,NA,NA,NA,NA,NA,NA,NA,NA
chestnuts,Nuts,Flavoring/Other,,0,0,0,0,NA,NA,NA,NA,NA,NA,NA,NA,NA,4,2,NA,NA,NA,NA,NA,NA,NA,166,NA,NA,NA,NA,NA,NA,NA,NA,NA
cinnamon,Spice,Flavoring/Other,,23.2,20.14,35.203,41.6,NA,83.25,11.5,0.6,NA,74.34,31.8125,NA,0.5,0.8,0.7,1.1,0.8,2,NA,NA,NA,NA,1.5,NA,NA,NA,NA,NA,NA,NA,NA,NA
citrons,Fruit,Fruits and Vegetables,Citrus,990,132,462,447,NA,NA,NA,0,NA,13140,638,NA,30,127,18,NA,NA,NA,NA,NA,NA,NA,250,NA,NA,NA,NA,NA,NA,NA,NA,NA
cloves,Spice,Flavoring/Other,,13,10.484,17.328,18.2,0.25,52.125,11,0.5,NA,60.7,20.5625,NA,0.375,0.344,0.375,0.5625,0.375,2,NA,NA,NA,NA,1.7,NA,NA,NA,NA,NA,NA,NA,NA,NA
coarse salt,Salt,Flavoring/Other,,3812,2696,4382,4826,NA,NA,NA,24,NA,4786,577,NA,24,60,14,NA,NA,NA,NA,NA,NA,NA,48,NA,NA,NA,NA,NA,NA,NA,NA,NA
cod,Fish,Meat,,1356,744,1668,2256,NA,NA,NA,12,NA,2652,624,NA,NA,NA,NA,NA,NA,NA,NA,NA,NA,NA,192,NA,144,NA,NA,NA,NA,NA,NA,NA
cooking wine,Acid,Flavoring/Other,,NA,NA,NA,NA,NA,NA,NA,NA,NA,NA,NA,NA,NA,NA,16,18,NA,NA,NA,NA,NA,NA,NA,NA,NA,NA,NA,NA,NA,NA,NA,NA
coot,Meat,Meat,"Bird, wild",NA,NA,NA,NA,NA,NA,NA,0,NA,43,8,NA,NA,NA,NA,NA,NA,NA,NA,NA,NA,NA,NA,NA,NA,NA,NA,NA,NA,NA,NA,NA
corned beef,Meat,Meat,Beef,245,540,120,192,NA,NA,NA,0,NA,288,NA,576,NA,NA,NA,NA,NA,NA,NA,NA,NA,NA,NA,NA,NA,NA,NA,NA,NA,NA,NA,NA
cow tongue,Meat,Meat,Beef,60,168,328,NA,NA,NA,NA,4,18,476,275,NA,46,11,4,NA,NA,NA,NA,NA,NA,NA,NA,NA,NA,NA,NA,NA,NA,NA,NA,NA
cow trunk,Meat,Meat,Beef,164,125,289,542.125,7,NA,NA,19,10,494,10.25,21.5,0.75,18.25,NA,0.75,NA,NA,NA,NA,NA,NA,NA,NA,NA,NA,NA,NA,NA,NA,NA,NA
crabs,Seafood,Meat,,NA,NA,NA,NA,NA,NA,NA,NA,NA,NA,NA,NA,NA,3315,240,NA,NA,NA,NA,NA,NA,NA,NA,NA,NA,300,NA,NA,NA,NA,NA,NA
crucian carp,Fish,Meat,,1267,NA,1000,NA,NA,NA,NA,NA,NA,4560,360,NA,NA,260,NA,NA,NA,NA,NA,NA,NA,NA,NA,NA,NA,NA,NA,NA,NA,NA,NA,NA
curlew,Meat,Meat,"Bird, wild",12,NA,NA,NA,NA,NA,NA,0,NA,11,13,NA,1,NA,NA,NA,NA,NA,NA,NA,NA,NA,NA,NA,NA,NA,NA,NA,NA,NA,NA,NA
currants,Fruit,Fruits and Vegetables,preserved,434,245.75,580,663.25,30,242.5,NA,42,NA,1937,416,NA,6,12,24,60,36.5,10,NA,NA,NA,NA,20,NA,NA,NA,NA,NA,NA,NA,NA,NA
dates,Fruit,Fruits and Vegetables,,NA,NA,NA,0,NA,27,NA,NA,NA,28,NA,NA,0,NA,NA,NA,NA,NA,NA,NA,NA,NA,NA,NA,NA,NA,NA,NA,NA,NA,NA,NA
Deer,Meat,Meat,"venison, wild",31.5,17.25,37.75,NA,NA,NA,NA,0,NA,44,12,NA,NA,NA,NA,NA,NA,NA,NA,NA,NA,NA,4,NA,NA,NA,NA,NA,NA,NA,NA,NA
deer tongue,Meat,Meat,other,41,NA,NA,NA,NA,NA,NA,NA,NA,NA,NA,NA,NA,NA,NA,NA,NA,NA,NA,NA,NA,NA,NA,NA,NA,NA,NA,NA,NA,NA,NA,NA
doves,Meat,Meat,"Bird, wild",121,263,NA,385,NA,NA,NA,2,NA,NA,243,10,50,80,12,NA,NA,NA,NA,NA,NA,NA,NA,NA,NA,13,NA,NA,NA,NA,NA,NA
dried beef,Meat,Meat,Beef,506,482,611,643,NA,NA,NA,0,NA,142,152,NA,9,10,64,80,68,NA,NA,NA,NA,NA,8,NA,4,NA,NA,NA,NA,NA,NA,NA
dried carp,Fish,Meat,,732,135,0,300,NA,NA,NA,NA,NA,79,NA,NA,0,NA,NA,NA,NA,NA,NA,NA,NA,NA,NA,NA,NA,NA,NA,NA,NA,NA,NA,NA
dried common roach,Fish,Meat,,NA,180,1260,412,NA,NA,NA,0,NA,1920,1080,NA,NA,NA,NA,NA,300,NA,NA,NA,NA,NA,NA,NA,NA,NA,NA,NA,NA,NA,NA,NA
dried eel,Fish,Meat,,0,NA,0,NA,NA,NA,NA,NA,NA,0,NA,NA,0,NA,NA,NA,NA,NA,NA,NA,NA,NA,NA,NA,NA,NA,NA,NA,NA,NA,NA,NA
dried geese,Meat,Meat,"Bird, fowl",297,108,128,60,NA,NA,NA,0,NA,117,44,NA,15,10,NA,NA,NA,NA,NA,NA,NA,NA,NA,NA,NA,NA,NA,NA,NA,NA,NA,NA
dried lamb,Meat,Meat,other,2,NA,NA,NA,NA,NA,NA,NA,NA,NA,NA,NA,NA,NA,NA,NA,NA,NA,NA,NA,NA,NA,NA,NA,NA,NA,NA,NA,NA,NA,NA,NA
dried lamprey,Fish,Meat,,0,0,2500,0,NA,NA,NA,0,NA,NA,NA,NA,0,NA,NA,NA,NA,NA,NA,NA,NA,NA,NA,NA,NA,NA,NA,NA,NA,NA,NA,NA
dried maraena whitfish,Fish,Meat,,90,NA,0,0,NA,NA,NA,0,NA,NA,NA,NA,0,NA,NA,NA,NA,NA,NA,NA,NA,NA,NA,NA,NA,NA,NA,NA,NA,NA,NA,NA
dried mutton,Meat,Meat,other,NA,NA,NA,NA,NA,NA,NA,NA,NA,NA,NA,NA,0,NA,NA,NA,NA,NA,NA,NA,NA,NA,NA,NA,NA,NA,NA,NA,NA,NA,NA,NA
dried pike-perch,Fish,Meat,,492,158,288,NA,NA,NA,NA,0,NA,7150,NA,NA,50,NA,NA,NA,NA,NA,NA,NA,NA,NA,NA,NA,NA,NA,NA,NA,NA,NA,NA,NA
dried plums,Fruit,Fruits and Vegetables,,NA,NA,NA,NA,NA,100,24,0,NA,0,150,NA,6,2,4,NA,NA,NA,NA,NA,NA,NA,NA,NA,NA,NA,NA,NA,NA,NA,NA,NA
Dried roe,Fish,Meat,,NA,NA,NA,NA,NA,NA,NA,NA,NA,NA,NA,NA,785,NA,NA,NA,NA,NA,NA,NA,NA,NA,NA,NA,NA,NA,NA,NA,NA,NA,NA,NA
dried salmon,Fish,Meat,,61,37,8,0,NA,NA,NA,0,NA,48,64,NA,62.25,NA,NA,NA,NA,NA,NA,NA,NA,NA,NA,NA,NA,NA,NA,NA,NA,NA,NA,NA
dried sheep,Meat,Meat,other,8,148.25,NA,35.25,NA,NA,NA,0,NA,NA,NA,NA,0,NA,NA,NA,NA,NA,NA,NA,NA,NA,NA,NA,NA,NA,NA,NA,NA,NA,NA,NA
dried white bream,Fish,Meat,,NA,NA,NA,1080,NA,NA,NA,23,NA,NA,NA,NA,401,NA,NA,720,900,NA,NA,450,NA,NA,NA,NA,NA,NA,NA,NA,NA,NA,NA,NA
ducks,Meat,Meat,bird,742,304,982,490,NA,NA,NA,0,NA,4617,759,NA,41,78,4,NA,NA,NA,NA,NA,NA,NA,10,NA,56,NA,NA,NA,NA,NA,12,NA
eggs,Eggs,Meat,,104832,74731,117328,115500,2085,NA,NA,1874,2407,130298,30807,NA,1500,5158,2257,4293,400,NA,330,NA,NA,NA,1452,NA,7803,600,NA,NA,NA,NA,180,NA
European white fish,Fish,Meat,,144,NA,268,288,NA,NA,NA,0,NA,96,NA,NA,168,NA,NA,NA,NA,NA,NA,NA,NA,NA,NA,NA,144,NA,NA,NA,NA,NA,NA,NA
fattened pig,Meat,Meat,Pork,NA,NA,NA,NA,NA,NA,NA,NA,NA,NA,NA,NA,0,NA,NA,NA,NA,NA,NA,NA,NA,NA,NA,NA,NA,NA,NA,NA,NA,NA,NA,NA
fieldfare,Meat,Meat,"Bird, wild",729,3,197,3180,NA,NA,NA,0,NA,1423,762,NA,2,NA,NA,NA,NA,NA,NA,NA,NA,NA,20,NA,40,NA,NA,NA,NA,NA,NA,NA
figs,Fruit,Fruits and Vegetables,,NA,NA,NA,NA,NA,NA,NA,NA,NA,0,46,NA,0,NA,NA,NA,NA,NA,NA,NA,NA,NA,NA,NA,NA,NA,NA,NA,NA,NA,NA,NA
finch,Meat,Meat,"Bird, wild",NA,NA,NA,NA,NA,NA,NA,0,NA,NA,NA,NA,NA,NA,NA,NA,NA,NA,NA,NA,NA,NA,NA,NA,NA,NA,NA,NA,NA,NA,NA,NA
fine salt,Salt,Flavoring/Other,,3744,2112,3648,3835,NA,NA,NA,48,NA,5644,782,NA,24,84,48,72,72,NA,NA,NA,NA,NA,432,NA,NA,NA,NA,NA,NA,NA,24,NA
fish guts,Fish,Flavoring/Other,,NA,NA,6,NA,NA,8,NA,NA,NA,4,20,NA,0,NA,NA,NA,NA,NA,NA,NA,NA,NA,NA,NA,NA,NA,NA,NA,NA,NA,NA,NA
flounder,Fish,Meat,,NA,NA,NA,0,NA,NA,NA,NA,NA,NA,NA,NA,NA,NA,NA,NA,NA,NA,NA,NA,NA,NA,NA,NA,NA,NA,NA,NA,NA,NA,NA,NA
geese,Meat,Meat,"bird, fowl",1165,580,882,2876,NA,NA,NA,23,42,1730,654,83,12,41,6,NA,7,NA,NA,NA,NA,NA,128,NA,159,NA,NA,NA,NA,NA,4,NA
ginger,Spice,Flavoring/Other,,204.72,115.75,221.75,335.2,4.25,79.75,33.5,5.75,NA,337.625,112.25,NA,1,4.375,3.5,6,4.5,6,NA,NA,NA,NA,5.5,NA,NA,NA,NA,NA,NA,NA,NA,NA
Gouda Cheese,Dairy,Dairy,,13,2,52,99,NA,NA,NA,0,NA,125,43,NA,14,2,NA,NA,NA,NA,NA,NA,NA,NA,1,NA,NA,NA,NA,NA,NA,NA,NA,NA
gray partridge,Meat,Meat,"bird, fowl, wild",52,58,123,516,NA,NA,NA,0,NA,3639,62,NA,NA,10,NA,NA,NA,NA,NA,NA,NA,NA,132,NA,NA,NA,NA,NA,NA,NA,NA,NA
gudgeon,Fish,Meat,,523,1196,694,2076,NA,NA,NA,0,NA,13973,107,NA,64,NA,NA,NA,NA,225,NA,NA,NA,NA,NA,NA,NA,NA,NA,NA,NA,NA,NA,NA
haddock,Fish,Meat,,20,NA,NA,8.5,NA,NA,NA,NA,NA,NA,NA,NA,NA,NA,NA,NA,NA,NA,NA,NA,NA,NA,NA,NA,NA,NA,NA,NA,NA,NA,NA,NA
half dried white bream,Fish,Meat,,162,538,481,NA,NA,NA,NA,NA,NA,NA,NA,NA,NA,NA,NA,NA,NA,NA,NA,NA,NA,NA,NA,NA,NA,NA,NA,NA,NA,NA,NA,NA
half-smoked salmon,Fish,Meat,,293.5,NA,NA,0,NA,NA,NA,NA,NA,NA,NA,NA,NA,NA,NA,NA,NA,NA,NA,NA,NA,NA,NA,NA,NA,NA,NA,NA,NA,NA,NA,NA
ham,Meat,Meat,pork,NA,NA,NA,NA,NA,NA,NA,0,NA,145,82,NA,3,9,NA,NA,NA,NA,NA,NA,NA,NA,NA,NA,NA,NA,NA,NA,NA,NA,NA,NA
hazel grouse,Meat,Meat,"bird, fowl, wild",595,177,485,1057,NA,NA,NA,0,NA,1696,487,4,NA,9,2,NA,NA,NA,NA,NA,NA,NA,21,NA,NA,NA,NA,NA,NA,NA,NA,NA
hen,Meat,Meat,"bird, fowl",5596,3253,6603,5619,NA,NA,NA,89,122,14760,4210,231,62,342,66,NA,28,NA,NA,NA,NA,NA,343,NA,1326,58,NA,NA,NA,NA,58,NA
honey,Honey,Flavoring/Other,,NA,24,24,6,48,36,NA,NA,NA,NA,NA,NA,NA,NA,4,10,4,NA,NA,NA,NA,NA,NA,NA,NA,NA,NA,NA,NA,NA,NA,NA
jellied eel,Fish,Meat,,24,240,48,312,NA,NA,NA,48,NA,96,226,NA,132,NA,NA,NA,NA,NA,NA,NA,NA,NA,NA,NA,NA,NA,NA,NA,NA,NA,NA,NA
lamb,Meat,Meat,Other,463.5,140,485.75,366.5,NA,NA,NA,8,1,"1,506.75",85.25,3.5,4,25,6.5,3,12,NA,NA,NA,NA,NA,6,NA,1,3,NA,NA,NA,NA,NA,NA
lamprey,Fish,Meat,,1220,NA,420,630,NA,NA,NA,NA,NA,NA,NA,NA,NA,NA,NA,NA,NA,NA,NA,NA,NA,NA,NA,NA,NA,NA,NA,NA,NA,NA,NA,NA
lard,Cooking oil,Flavoring/Other,,NA,9.5,29.5,2,NA,NA,NA,NA,NA,11,11,NA,NA,4,NA,NA,9,NA,NA,NA,NA,NA,2,NA,1,NA,NA,NA,NA,NA,NA,NA
lark,Meat,Meat,"Bird, wild",2679,1232,3229,60,NA,NA,NA,0,NA,NA,NA,NA,24,190,NA,NA,NA,NA,NA,NA,NA,NA,NA,NA,NA,NA,NA,NA,NA,NA,NA,NA
lemons,Fruit,Fruits and Vegetables,Citrus,2757,1702,4112,4778,24,7862,700,87,NA,NA,1697,NA,40,60,NA,175,140,NA,NA,NA,NA,NA,50,NA,NA,NA,NA,NA,NA,NA,NA,NA
mace,Spice,Flavoring/Other,,26.2,22.9,42.14,41.3,0.25,76,9,0.9,NA,71.84,37.5,NA,4.09,1.3125,1,1.625,1.125,2,NA,NA,NA,NA,1.25,NA,NA,NA,NA,NA,NA,NA,NA,NA
millet gruel,Grain,Grain,,178,60,204,456,NA,NA,NA,0,NA,87,NA,NA,0,NA,NA,NA,NA,NA,NA,NA,NA,NA,NA,NA,NA,NA,NA,NA,NA,NA,NA,NA
Moose,Meat,Meat,"venison, wild",15.75,NA,10.75,54.25,NA,NA,NA,1,NA,5,10,NA,NA,NA,NA,NA,NA,NA,NA,NA,NA,NA,4.5,NA,NA,NA,NA,NA,NA,NA,NA,NA
Moose and pickeled game (probably also moose),Meat,Meat,"venison, wild",28.87,NA,1,NA,NA,NA,NA,NA,NA,28,NA,NA,NA,NA,NA,NA,NA,NA,NA,NA,NA,NA,NA,NA,NA,NA,NA,NA,NA,NA,NA,NA
mustard,Seasoning,Flavoring/Other,,57,10,NA,48,NA,NA,NA,NA,NA,NA,NA,NA,NA,NA,NA,NA,NA,NA,NA,NA,NA,NA,NA,NA,NA,NA,NA,NA,NA,NA,NA,NA
mutton,Meat,Meat,Other,737.25,194.12,860.75,931.25,NA,NA,NA,16.25,19.5,"2,689.5",671.5,32,4,15.5,5,NA,NA,NA,NA,NA,NA,NA,283,NA,314,NA,NA,NA,NA,NA,NA,NA
nutmeg,Spice,Flavoring/Other,,14.828,14.5,22.03,22.9,NA,62.75,10,0.5,NA,69.375,36.125,NA,0.6,0.5,0.69,1.1,0.75,2,NA,NA,NA,NA,1.25,NA,NA,NA,NA,NA,NA,NA,NA,NA
oat groats,Grain,Grain,,459.5,463,936,1275,NA,NA,NA,52,NA,2295,336,NA,28,NA,NA,NA,NA,NA,NA,NA,NA,NA,72,NA,336,NA,NA,NA,NA,NA,NA,NA
olives,Olives,Flavoring/Other,,121.5,24,31,127,NA,96,4,1.5,NA,NA,34,NA,3,NA,NA,NA,NA,NA,NA,NA,NA,NA,1,NA,NA,NA,NA,NA,NA,NA,NA,NA
oxen,Meat,Meat,Beef,1,1,1,5,1,NA,NA,25,12.5,4,11,26,2,9,1,1,1,1,1,1,1,1,14,NA,NA,1,1,1,1,1,2,1
oysters,Fish,Meat,,3456,2592,192,NA,NA,480,NA,0,NA,9216,384,NA,768,1727,NA,NA,NA,NA,NA,NA,NA,NA,NA,NA,NA,NA,NA,NA,NA,NA,NA,NA
pearl barley,Grain,Grain,,662,432,789,408.5,NA,NA,NA,0,NA,1808,48,NA,172,NA,8,NA,NA,NA,NA,NA,NA,NA,NA,NA,48,NA,NA,NA,NA,NA,NA,NA
pearl barley groats,Grain,Grain,,NA,NA,NA,NA,NA,10,NA,NA,NA,45,10,NA,0,4,2,NA,NA,NA,NA,NA,NA,NA,4,NA,NA,NA,NA,NA,NA,NA,NA,NA
peas,Grain,Grain,,"1,994.5",1427,2195,3390,NA,NA,NA,972,NA,6246,736,NA,"1,401.5",NA,NA,NA,NA,NA,NA,NA,NA,NA,192,NA,432,NA,NA,NA,NA,NA,NA,NA
pepper,Spice,Flavoring/Other,,217.59,134.25,247.8125,344.3,4.25,95.25,35.5,5.75,NA,350.875,120.5,NA,1.625,4.5,3.5,6,4.5,6,NA,NA,NA,NA,5.5,NA,NA,NA,NA,NA,NA,NA,NA,NA
perch,Fish,Meat,,60,NA,NA,NA,NA,NA,NA,NA,NA,NA,NA,NA,NA,NA,NA,NA,NA,NA,NA,NA,NA,NA,NA,NA,NA,NA,NA,NA,NA,NA,NA,NA
pickled carp,Fish,Meat,preserved,2388,NA,228,NA,NA,NA,NA,0,NA,0,384,NA,0,NA,NA,NA,NA,NA,NA,NA,NA,NA,NA,NA,NA,NA,NA,NA,NA,NA,NA,NA
Pickled deer,Meat,Meat,"venison, wild",17.25,6.25,8,11,NA,NA,NA,0,NA,NA,NA,NA,NA,NA,NA,NA,NA,NA,NA,NA,NA,NA,NA,NA,NA,NA,NA,NA,NA,NA,NA,NA
pickled eel,Fish,Meat,,18600,1572,1200,2640,NA,NA,NA,24,NA,136,1248,NA,NA,NA,NA,NA,NA,NA,96,96,NA,NA,NA,NA,NA,NA,NA,NA,NA,NA,NA,NA
pickled gudgeon,Fish,Meat,,24,348,120,156,NA,NA,NA,0,NA,NA,NA,NA,0,NA,NA,NA,NA,NA,NA,NA,NA,NA,NA,NA,NA,NA,NA,NA,NA,NA,NA,NA
pickled herring,Fish,Meat,,NA,NA,NA,NA,NA,NA,NA,NA,NA,NA,NA,NA,NA,NA,NA,NA,NA,NA,NA,NA,NA,NA,NA,NA,NA,NA,NA,NA,NA,NA,NA,NA
pickled herring,Fish,Meat,preserved,876,1560,3240,3924,NA,NA,NA,NA,NA,1752,156,NA,NA,48,NA,NA,NA,NA,NA,NA,NA,NA,NA,NA,NA,NA,NA,NA,NA,NA,NA,NA
pickled lamprey,Fish,Meat,,192,264,300,60,NA,NA,NA,NA,NA,96,NA,NA,NA,NA,NA,NA,NA,NA,NA,NA,NA,NA,NA,NA,NA,NA,NA,NA,NA,NA,NA,NA
pickled pike,Fish,Meat,preserved,1848,120,100,0,NA,NA,NA,0,NA,1152,96,NA,0,NA,NA,NA,NA,NA,NA,NA,NA,NA,NA,NA,NA,NA,NA,NA,NA,NA,NA,NA
pickled pike-perch,Fish,Meat,preserved,12160,NA,2844,1920,NA,NA,NA,0,NA,NA,NA,NA,0,NA,NA,NA,NA,NA,NA,NA,NA,NA,NA,NA,NA,NA,NA,NA,NA,NA,NA,NA
pickled pork,Meat,Meat,pork,NA,NA,1.5,NA,NA,NA,NA,0,NA,NA,NA,NA,NA,NA,NA,NA,NA,NA,NA,NA,NA,NA,NA,NA,NA,NA,NA,NA,NA,NA,NA,NA
pickled salmon,Fish,Meat,preserved,192,1080,NA,480,NA,NA,NA,0,NA,1920,NA,NA,0,NA,NA,NA,NA,NA,NA,NA,NA,NA,NA,NA,NA,NA,NA,NA,NA,NA,NA,NA
pickled sturgeon,Fish,Meat,,NA,NA,NA,NA,NA,NA,NA,60,NA,NA,1200,NA,NA,NA,NA,NA,NA,NA,NA,NA,NA,NA,NA,NA,NA,NA,NA,NA,NA,NA,NA,NA
pickled wild cow,Meat,Meat,"beef, wild",NA,NA,0.62,NA,NA,NA,NA,NA,NA,NA,NA,NA,NA,NA,NA,NA,NA,NA,NA,NA,NA,NA,NA,NA,NA,NA,NA,NA,NA,NA,NA,NA
pig,Meat,Meat,Pork,59.75,26,53,60.25,1,NA,NA,NA,2,74.75,23.5,2,0.5,1,3,1,1,1,1,1,1,1,15,NA,26,1,1,1,1,NA,2,NA
pig's head,Meat,Meat,Pork,190.5,142.5,145.5,115,NA,NA,NA,0,NA,89,2,NA,NA,9,NA,4,NA,NA,2,2,NA,NA,NA,NA,7,NA,NA,NA,NA,NA,NA,NA
pike,Fish,Meat,,6322,4035,10578,7665,NA,NA,NA,64,59,12547,3221,NA,285,24,16,NA,NA,NA,NA,NA,NA,NA,172,NA,NA,NA,NA,NA,NA,NA,NA,NA
pike-perch,Fish,Meat,,8,NA,NA,18,NA,NA,NA,0,NA,NA,NA,NA,0,NA,NA,NA,NA,NA,NA,NA,NA,NA,NA,NA,NA,NA,NA,NA,NA,NA,NA,NA
pinenuts,Seeds,Flavoring/Other,,NA,NA,NA,NA,NA,21,NA,0,NA,NA,18,NA,0,NA,NA,NA,NA,NA,NA,NA,NA,NA,NA,NA,NA,NA,NA,NA,NA,NA,NA,NA
pistachios,Nuts,Flavoring/Other,,NA,NA,NA,NA,NA,12,NA,0,NA,64,11,NA,0,NA,NA,NA,NA,NA,NA,NA,NA,NA,NA,NA,NA,NA,NA,NA,NA,NA,NA,NA
Plums,Fruit,Fruits and Vegetables,,636,345,1134,2070,NA,395,NA,10,NA,5740,551,NA,63,16,NA,NA,NA,NA,NA,NA,NA,NA,55,NA,NA,NA,NA,NA,NA,NA,NA,NA
Pomagranates,Fruit,Fruits and Vegetables,,381,65,112,65,NA,NA,NA,0,NA,846,NA,NA,30,75,18,NA,NA,NA,NA,NA,NA,NA,NA,NA,NA,NA,NA,NA,NA,NA,NA,NA
poppy seeds,Seeds,Flavoring/Other,,NA,NA,NA,NA,NA,NA,NA,NA,NA,NA,NA,NA,NA,NA,48,92,42,NA,NA,NA,NA,NA,NA,NA,NA,NA,NA,NA,NA,NA,NA,NA
preserved barberries,Fruit,Fruits and Vegetables,,NA,NA,NA,NA,NA,20,NA,NA,NA,NA,NA,NA,NA,NA,NA,NA,NA,NA,NA,NA,NA,NA,NA,NA,NA,NA,NA,NA,NA,NA,NA,NA
preserved sturgeon,Fish,Meat,,NA,NA,NA,NA,NA,NA,NA,NA,NA,38.5,NA,NA,NA,NA,NA,NA,NA,NA,NA,NA,NA,NA,NA,NA,NA,NA,NA,NA,NA,NA,NA,NA
quail,Meat,Meat,"Bird, wild",3,649,1,NA,NA,NA,NA,0,NA,26,13,NA,NA,NA,NA,NA,NA,NA,NA,NA,NA,NA,NA,NA,NA,NA,NA,NA,NA,NA,NA,NA
Quark,Dairy,Dairy,,340,312,216,199,168,NA,NA,144,NA,NA,168,NA,0,264,NA,168,NA,NA,NA,NA,NA,NA,NA,NA,NA,NA,NA,NA,NA,NA,NA,NA
rabbit,Meat,Meat,wild,87,87,249,457,NA,NA,NA,0,NA,692,109,NA,10,19,9,NA,NA,NA,NA,NA,NA,NA,59,NA,NA,NA,NA,NA,NA,NA,NA,NA
raisins,Fruit,Fruits and Vegetables,preserved,425.5,214.75,496.75,661.2,24,264,NA,49,NA,859,369.5,NA,6,26,42,90,61,10,NA,NA,NA,NA,24,NA,NA,NA,NA,NA,NA,NA,NA,NA
rice,Grain,Grain,,520,547,837,666.5,NA,328,110,6,NA,0,697,NA,88,2,10,NA,NA,15,NA,NA,NA,NA,13,NA,NA,NA,NA,NA,NA,NA,NA,NA
rice flour,Grain,Grain,,NA,NA,NA,NA,NA,NA,NA,NA,NA,45,45,NA,11,NA,NA,NA,NA,NA,NA,NA,NA,NA,NA,NA,NA,NA,NA,NA,NA,NA,NA,NA
roe deer,Meat,Meat,"venison, wild",67,62.75,80.75,127.75,NA,NA,NA,0,NA,51,3,NA,1,4,NA,NA,NA,NA,NA,NA,NA,NA,8,NA,NA,1,NA,NA,NA,NA,NA,NA
saffron,Spice,Flavoring/Other,,7.9,3.3,8.7,15.7,0.625,9.06,1.5,0.4,NA,8.625,5.375,NA,0.03125,0.0625,0.03125,0.4375,0.1875,0.5,NA,NA,NA,NA,0.325,NA,NA,NA,NA,NA,NA,NA,NA,NA
salmon,Fish,Meat,,308,56.5,165.5,96.5,NA,NA,NA,2.5,NA,242,20,NA,4,1,NA,NA,NA,NA,NA,NA,NA,NA,22,NA,NA,4,NA,NA,NA,NA,NA,NA
salmon trout,Fish,Meat,,39,NA,NA,0,NA,NA,NA,NA,NA,18,NA,NA,0,19,NA,NA,NA,NA,NA,NA,NA,NA,NA,NA,NA,NA,NA,NA,NA,NA,NA,NA
salted cod,Fish,Meat,,497,565,1169,1793,NA,NA,NA,0,NA,1305,289,NA,49,NA,NA,NA,NA,NA,NA,NA,NA,NA,88,NA,NA,NA,NA,NA,NA,NA,NA,NA
sandpipers,Meat,Meat,"Bird, wild",167,125,256,25,NA,NA,NA,0,NA,311,NA,NA,6,41,NA,NA,NA,NA,NA,NA,NA,NA,NA,NA,NA,NA,NA,NA,NA,NA,NA,NA
sardines,Fish,Meat,,NA,NA,NA,NA,NA,96,NA,0,NA,NA,3648,NA,48,NA,NA,NA,NA,NA,NA,NA,NA,NA,NA,NA,NA,NA,NA,NA,NA,NA,NA,NA
sheep,Meat,Meat,Other,"1,268.5","1,164.75","1,172.25",1381,NA,NA,NA,6,2,"1,093.5",190.5,NA,1,10.25,NA,NA,NA,NA,NA,NA,NA,NA,4,NA,NA,NA,NA,NA,NA,NA,NA,NA
small birds,Meat,Meat,"Bird, wild",649,50,296,391,NA,NA,NA,0,NA,118,NA,NA,0,426,NA,NA,NA,NA,NA,NA,NA,NA,135,NA,NA,NA,NA,NA,NA,NA,NA,NA
Small sheep cheese,Dairy,Dairy,,1071,204,515,553,NA,NA,NA,0,NA,0,NA,NA,0,NA,NA,NA,NA,NA,NA,NA,NA,NA,NA,NA,NA,NA,NA,NA,NA,NA,NA,NA
"small, edible fish",Fish,Meat,,5280,4032,3576,504,NA,NA,NA,288,NA,1188,NA,NA,156,NA,NA,NA,NA,NA,NA,NA,NA,NA,84,NA,NA,NA,NA,NA,NA,NA,NA,NA
smoked fish,Fish,Meat,,15480,390,4080,0,NA,NA,NA,0,NA,9180,NA,NA,750,NA,NA,NA,NA,NA,NA,NA,NA,NA,NA,NA,NA,NA,NA,NA,NA,NA,NA,NA
snails,Seafood,Meat,,NA,NA,NA,NA,NA,NA,NA,NA,NA,NA,NA,NA,NA,NA,NA,NA,NA,NA,NA,NA,NA,NA,420,NA,NA,NA,NA,NA,NA,NA,NA,NA
snow bunting,Meat,Meat,"Bird, wild",NA,NA,NA,NA,NA,NA,NA,NA,NA,NA,NA,NA,NA,NA,NA,NA,NA,NA,NA,NA,NA,NA,NA,NA,NA,NA,NA,NA,NA,NA,NA,NA
sparrows & skylarks,Meat,Meat,"Bird, wild",NA,NA,NA,NA,NA,NA,NA,NA,NA,280,NA,NA,NA,NA,NA,NA,NA,NA,NA,NA,NA,NA,NA,NA,NA,NA,NA,NA,NA,NA,NA,NA
spiced gudgeon,Fish,Meat,,143,NA,66,0,NA,NA,NA,0,NA,34,NA,NA,0,NA,NA,NA,NA,NA,NA,NA,NA,NA,NA,NA,NA,NA,NA,NA,NA,NA,NA,NA
spicy sauerkraut,Vegetable,Fruits and Vegetables,,528,41555,240,240,72,NA,NA,48,192,NA,NA,NA,0,0,NA,NA,NA,NA,NA,NA,NA,NA,NA,NA,NA,NA,NA,NA,NA,NA,NA,NA
starling,Meat,Meat,"Bird, wild",107,24,19,NA,NA,NA,NA,NA,NA,NA,NA,NA,6,NA,NA,NA,NA,NA,NA,NA,NA,NA,NA,NA,NA,NA,NA,NA,NA,NA,NA,NA
sturgeon,Fish,Meat,,1,NA,NA,1,NA,NA,NA,NA,NA,3,NA,NA,0,NA,NA,NA,NA,NA,NA,NA,NA,NA,NA,NA,NA,NA,NA,NA,NA,NA,NA,NA
suckling pig,Meat,Meat,Pork,432,227,160,170,NA,NA,NA,0,2,279,105,NA,0,4,3,NA,NA,NA,NA,NA,NA,NA,7,NA,NA,NA,NA,NA,NA,NA,NA,NA
sugar,Sugar,Flavoring/Other,,2333,"1,524.4",3414,"3,296.25",42,"4,190.5",533.625,77,NA,"6,365.5","2,311.5",NA,30,77.5,64,146,92,40,NA,NA,NA,NA,145.75,NA,NA,NA,NA,NA,NA,NA,NA,NA
swans,Meat,Meat,"bird, wild",NA,NA,NA,NA,NA,NA,NA,0,NA,NA,NA,NA,NA,NA,NA,NA,NA,NA,NA,NA,NA,NA,NA,NA,NA,NA,NA,NA,NA,NA,NA,NA
tench,Fish,Meat,,1,NA,266,NA,NA,NA,NA,NA,NA,NA,NA,NA,NA,NA,NA,NA,NA,NA,NA,NA,NA,NA,NA,NA,NA,NA,NA,NA,NA,NA,NA,NA
thrush,Meat,Meat,"Bird, wild",1680,116,345,2351,NA,NA,NA,12,NA,18,2068,NA,NA,46,NA,NA,NA,NA,NA,NA,NA,NA,NA,NA,NA,NA,NA,NA,NA,NA,NA,NA
turbot,Fish,Meat,,NA,1,NA,0,NA,NA,NA,NA,NA,1,NA,NA,0,NA,NA,NA,NA,NA,NA,NA,NA,NA,NA,NA,NA,NA,NA,NA,NA,NA,NA,NA
turkey,Meat,Meat,"bird, fowl",196,133,168,358,NA,NA,NA,0,3,79,293,7,6,21,5,NA,NA,NA,NA,NA,NA,NA,77,NA,136,NA,NA,NA,NA,NA,NA,NA
various small fish ,Fish,Meat,,96,132,156,340,NA,NA,NA,0,NA,NA,NA,NA,NA,NA,NA,NA,NA,NA,NA,NA,NA,NA,NA,NA,NA,NA,NA,NA,NA,NA,NA,NA
veal,Meat,Meat,Beef,977.85,523.13,685.85,779.75,NA,NA,NA,3,18,"1,646.5",148.75,NA,4,20,12.5,15,14.5,NA,NA,NA,NA,NA,68.25,NA,159,NA,NA,NA,NA,NA,6,NA
vimba bream,Fish,Meat,,20,NA,NA,0,NA,NA,NA,NA,NA,NA,NA,NA,NA,NA,NA,NA,NA,NA,NA,NA,NA,NA,NA,NA,NA,NA,NA,NA,NA,NA,NA,NA
water mannagrass,Grain,Grain,,120.5,45.5,97,51,NA,NA,NA,1,NA,53,9,NA,0,NA,NA,NA,NA,NA,NA,NA,NA,NA,4,NA,NA,NA,NA,NA,NA,NA,NA,NA
waxwing,Meat,Meat,"Bird, wild",343,NA,580,186,NA,NA,NA,NA,15,2076,NA,NA,NA,NA,NA,NA,NA,NA,NA,NA,NA,NA,130,NA,240,NA,NA,NA,NA,NA,NA,NA
Wels catfish,Fish,Meat,,NA,NA,NA,0,NA,NA,NA,NA,NA,NA,NA,NA,1,NA,NA,NA,NA,NA,NA,NA,NA,NA,NA,NA,NA,NA,NA,NA,NA,NA,NA,NA
westphalian ham,Meat,Meat,pork,3,NA,NA,NA,NA,NA,NA,NA,NA,NA,NA,NA,NA,NA,NA,NA,NA,NA,NA,NA,NA,NA,NA,NA,NA,NA,NA,NA,NA,NA,NA,NA
wheat flour,Grain,Grain,,NA,NA,NA,NA,NA,NA,NA,NA,NA,NA,NA,NA,NA,NA,NA,NA,NA,NA,NA,NA,NA,NA,168,NA,NA,NA,NA,NA,NA,NA,NA,NA
wild boar,Meat,Meat,"pork, wild",41,31.37,30.75,86.25,NA,NA,NA,0.5,NA,37,3,NA,94,0,NA,NA,NA,NA,NA,NA,NA,NA,1,NA,1,NA,NA,NA,NA,NA,NA,NA
wild geese,Meat,Meat,"bird, wild",20,12,41,25,NA,NA,NA,0,NA,47,19,NA,NA,NA,NA,NA,NA,NA,NA,NA,NA,NA,NA,NA,NA,NA,NA,NA,NA,NA,NA,NA
wine vinegar,Acid,Flavoring/Other,,NA,NA,NA,NA,NA,NA,NA,NA,NA,NA,NA,NA,NA,NA,11,12,NA,NA,NA,NA,NA,NA,NA,NA,NA,NA,NA,NA,NA,NA,NA,NA
yellow hammer,Meat,Meat,"Bird, wild",2092,NA,2685,4453,NA,NA,NA,0,NA,7109,2491,NA,NA,NA,NA,NA,NA,NA,NA,NA,NA,NA,NA,NA,NA,NA,NA,NA,NA,NA,NA,NA
young boar,Meat,Meat,"pork, wild",13,20.25,18.37,74.25,NA,NA,NA,0,NA,19,4,NA,NA,0,NA,NA,NA,NA,NA,NA,NA,NA,3,NA,NA,NA,NA,NA,NA,NA,NA,NA